{
  "menu": [
    {
      "url": "/",
      "name": "Home",
      "icon": "menu-icon icon-base ri ri-home-smile-line",
      "slug": "pages-home"
    },
    {
      "url": "/page-2",
      "icon": "menu-icon icon-base ri ri-file-3-line",
      "name": "Page 2",
      "slug": "pages-page-2"
    },
    {
      "url": "/pages/misc-error",
      "name": "Error",
      "icon": "menu-icon icon-base ri ri-alert-line",
      "slug": "pages-misc-error",
      "target": "_blank"
    },
    {
      "url": "/auth/login-basic",
      "name": "Login",
      "icon": "menu-icon icon-base ri ri-logout-box-r-line",
      "slug": "auth-login-basic",
      "target": "_blank"
    },
    {
      "url": "/auth/register-basic",
      "name": "Register",
      "icon": "menu-icon icon-base ri ri-account-circle-line",
      "slug": "auth-register-basic",
      "target": "_blank"
    }
  ]
}