{
  "adminMenu": [
    {
      "url": "admin/",
      "name": "Dashboard",
      "icon": "menu-icon tf-icons ti ti-smart-home",
      "slug": "admin-dashboard"
    },
    {
      "url": "admin/users",
      "name": "Users",
      "icon": "menu-icon tf-icons ti ti-users",
      "slug": "admin-users"
    },
    {
      "url": "logout",
      "name": "Logout",
      "icon": "menu-icon tf-icons ti ti-logout",
      "slug": "logout"
    }
  ],
  "userMenu": [
    {
      "url": "user/",
      "name": "Dashboard",
      "icon": "menu-icon tf-icons ti ti-smart-home",
      "slug": "user-dashboard"
    },
    {
      "url": "user/prompts",
      "name": "Prompts",
      "icon": "menu-icon tf-icons ti ti-message",
      "slug": "user-prompts"
    },
    {
      "url": "logout",
      "name": "Logout",
      "icon": "menu-icon tf-icons ti ti-logout",
      "slug": "logout"
    }
  ]
}